{"_step":8,"train/loss":0.03168386593461037,"_wandb":{"runtime":4545},"val/loss":0.5128862261772156,"mfu":10.609154016243119,"iter":2000,"_timestamp":1.743689129669387e+09,"_runtime":4542.9923743,"lr":0.0001}