{
  "classification_report": {
    "positive": {
      "precision": 0.0,
      "recall": 0.0,
      "f1-score": 0.0,
      "support": 10.0
    },
    "negative": {
      "precision": 1.0,
      "recall": 0.1,
      "f1-score": 0.18181818181818182,
      "support": 10.0
    },
    "neutral": {
      "precision": 0.3448275862068966,
      "recall": 1.0,
      "f1-score": 0.5128205128205128,
      "support": 10.0
    },
    "accuracy": 0.36666666666666664,
    "macro avg": {
      "precision": 0.4482758620689655,
      "recall": 0.3666666666666667,
      "f1-score": 0.23154623154623155,
      "support": 30.0
    },
    "weighted avg": {
      "precision": 0.4482758620689655,
      "recall": 0.36666666666666664,
      "f1-score": 0.23154623154623152,
      "support": 30.0
    }
  },
  "confusion_matrix": {
    "labels": [
      "positive",
      "negative",
      "neutral"
    ],
    "matrix": [
      [
        0,
        0,
        10
      ],
      [
        0,
        1,
        9
      ],
      [
        0,
        0,
        10
      ]
    ]
  },
  "overall_metrics": {
    "accuracy": 0.36666666666666664,
    "macro_f1": 0.23154623154623155,
    "micro_f1": 0.36666666666666664,
    "macro_precision": 0.4482758620689655,
    "macro_recall": 0.3666666666666667
  }
}