{
  "classification_report": {
    "negative": {
      "precision": 0.0,
      "recall": 0.0,
      "f1-score": 0.0,
      "support": 10.0
    },
    "neutral": {
      "precision": 0.3103448275862069,
      "recall": 0.9,
      "f1-score": 0.46153846153846156,
      "support": 10.0
    },
    "positive": {
      "precision": 0.0,
      "recall": 0.0,
      "f1-score": 0.0,
      "support": 10.0
    },
    "unknown": {
      "precision": 0.0,
      "recall": 0.0,
      "f1-score": 0.0,
      "support": 0.0
    },
    "accuracy": 0.3,
    "macro avg": {
      "precision": 0.07758620689655173,
      "recall": 0.225,
      "f1-score": 0.11538461538461539,
      "support": 30.0
    },
    "weighted avg": {
      "precision": 0.10344827586206896,
      "recall": 0.3,
      "f1-score": 0.15384615384615385,
      "support": 30.0
    }
  },
  "confusion_matrix": {
    "labels": [
      "positive",
      "negative",
      "neutral",
      "unknown"
    ],
    "matrix": [
      [
        0,
        0,
        10,
        0
      ],
      [
        0,
        0,
        10,
        0
      ],
      [
        0,
        0,
        9,
        1
      ],
      [
        0,
        0,
        0,
        0
      ]
    ]
  }
}