{
  "classification_report": {
    "negative": {
      "precision": 0.0,
      "recall": 0.0,
      "f1-score": 0.0,
      "support": 10.0
    },
    "neutral": {
      "precision": 0.35,
      "recall": 0.7,
      "f1-score": 0.4666666666666667,
      "support": 10.0
    },
    "positive": {
      "precision": 0.42857142857142855,
      "recall": 0.3,
      "f1-score": 0.35294117647058826,
      "support": 10.0
    },
    "unknown": {
      "precision": 0.0,
      "recall": 0.0,
      "f1-score": 0.0,
      "support": 0.0
    },
    "accuracy": 0.3333333333333333,
    "macro avg": {
      "precision": 0.19464285714285712,
      "recall": 0.25,
      "f1-score": 0.20490196078431372,
      "support": 30.0
    },
    "weighted avg": {
      "precision": 0.25952380952380955,
      "recall": 0.3333333333333333,
      "f1-score": 0.273202614379085,
      "support": 30.0
    }
  },
  "confusion_matrix": {
    "labels": [
      "positive",
      "negative",
      "neutral",
      "unknown"
    ],
    "matrix": [
      [
        3,
        2,
        5,
        0
      ],
      [
        2,
        0,
        8,
        0
      ],
      [
        2,
        0,
        7,
        1
      ],
      [
        0,
        0,
        0,
        0
      ]
    ]
  }
}