{
  "classification_report": {
    "negative": {
      "precision": 0.0,
      "recall": 0.0,
      "f1-score": 0.0,
      "support": 10.0
    },
    "neutral": {
      "precision": 0.3181818181818182,
      "recall": 0.7,
      "f1-score": 0.4375,
      "support": 10.0
    },
    "positive": {
      "precision": 0.5714285714285714,
      "recall": 0.4,
      "f1-score": 0.47058823529411764,
      "support": 10.0
    },
    "unknown": {
      "precision": 0.0,
      "recall": 0.0,
      "f1-score": 0.0,
      "support": 0.0
    },
    "accuracy": 0.36666666666666664,
    "macro avg": {
      "precision": 0.22240259740259738,
      "recall": 0.275,
      "f1-score": 0.2270220588235294,
      "support": 30.0
    },
    "weighted avg": {
      "precision": 0.2965367965367965,
      "recall": 0.36666666666666664,
      "f1-score": 0.3026960784313726,
      "support": 30.0
    }
  },
  "confusion_matrix": {
    "labels": [
      "positive",
      "negative",
      "neutral",
      "unknown"
    ],
    "matrix": [
      [
        4,
        0,
        6,
        0
      ],
      [
        1,
        0,
        9,
        0
      ],
      [
        2,
        0,
        7,
        1
      ],
      [
        0,
        0,
        0,
        0
      ]
    ]
  }
}