{"iter":2000,"lr":0.0001,"_runtime":4359.2683956,"_step":8,"val/loss":0.5091949105262756,"mfu":0.6077820832759603,"_timestamp":1.7434609898702166e+09,"train/loss":0.056031789630651474,"_wandb":{"runtime":4361}}