{"_wandb":{"runtime":512},"val/loss":0.49545222520828247,"_step":40,"iter":200,"mfu":4.03152526018647,"_runtime":510.2061285,"train/loss":0.39325350522994995,"lr":3e-05,"_timestamp":1.7437122635325987e+09}