{"mfu":-100,"_runtime":244.7795442,"_wandb":{"runtime":262},"val/loss":1.4920400381088257,"_step":0,"_timestamp":1.7438038404155843e+09,"iter":0,"train/loss":1.5028173923492432,"lr":3e-05}