{"_timestamp":1.743786495601771e+09,"mfu":0.5562172854555257,"_wandb":{"runtime":5383},"val/loss":0.5164800882339478,"train/loss":0.029239559546113014,"_runtime":5381.2295562,"iter":2000,"lr":0.0001,"_step":8}