{"_runtime":1293.8179494,"lr":3e-05,"mfu":4.624376195928774,"iter":200,"_timestamp":1.7438056907346294e+09,"train/loss":0.1124766618013382,"_step":40,"_wandb":{"runtime":1299},"val/loss":0.4065999388694763}