{"iter":0,"_timestamp":1.7438414894594555e+09,"val/loss":10.957681655883789,"_step":0,"train/loss":10.959912300109863,"mfu":-100,"lr":0,"_runtime":147.2934256,"_wandb":{"runtime":154}}