{
  "classification_report": {
    "positive": {
      "precision": 1.0,
      "recall": 0.2,
      "f1-score": 0.3333333333333333,
      "support": 10.0
    },
    "negative": {
      "precision": 0.0,
      "recall": 0.0,
      "f1-score": 0.0,
      "support": 10.0
    },
    "neutral": {
      "precision": 0.3333333333333333,
      "recall": 1.0,
      "f1-score": 0.5,
      "support": 9.0
    },
    "accuracy": 0.3793103448275862,
    "macro avg": {
      "precision": 0.4444444444444444,
      "recall": 0.39999999999999997,
      "f1-score": 0.27777777777777773,
      "support": 29.0
    },
    "weighted avg": {
      "precision": 0.4482758620689655,
      "recall": 0.3793103448275862,
      "f1-score": 0.27011494252873564,
      "support": 29.0
    }
  },
  "confusion_matrix": {
    "labels": [
      "positive",
      "negative",
      "neutral"
    ],
    "matrix": [
      [
        2,
        0,
        8
      ],
      [
        0,
        0,
        10
      ],
      [
        0,
        0,
        9
      ]
    ]
  },
  "overall_metrics": {
    "accuracy": 0.3793103448275862,
    "macro_f1": 0.27777777777777773,
    "micro_f1": 0.3793103448275862,
    "macro_precision": 0.4444444444444444,
    "macro_recall": 0.39999999999999997
  }
}