{"val/loss":10.949158668518066,"lr":0,"train/loss":10.9478759765625,"_wandb":{"runtime":316},"_timestamp":1.743841118340264e+09,"_runtime":307.8623732,"iter":0,"_step":0,"mfu":-100}