{"_wandb":{"runtime":508},"_timestamp":1.7435356582890594e+09,"_runtime":505.8775439,"train/loss":0.39288198947906494,"val/loss":0.4945879578590393,"iter":200,"lr":3e-05,"_step":40,"mfu":4.056667756669705}