{"val/loss":0.44607633352279663,"iter":200,"_step":40,"_wandb":{"runtime":511},"_timestamp":1.7437983161582615e+09,"mfu":4.065136193777407,"_runtime":507.6030826,"lr":3e-05,"train/loss":0.4076921045780182}